<?xml version="1.0" encoding="UTF-8"?>
<seiscomp xmlns="http://geofon.gfz-potsdam.de/ns/seiscomp3-schema/0.6" version="0.6">
  <EventParameters>
    <pick publicID="20140217.023930.38-AIC-PM.PFVI..HHZ">
      <time>
        <value>2014-02-17T02:39:30.38Z</value>
      </time>
      <waveformID networkCode="PM" stationCode="PFVI" channelCode="HHZ"/>
      <methodID>AIC</methodID>
      <phaseHint>P</phaseHint>
      <evaluationMode>automatic</evaluationMode>
      <creationInfo>
        <agencyID>roa</agencyID>
        <author>scautopick@geo1</author>
        <creationTime>2014-02-17T02:39:43.855135Z</creationTime>
      </creationInfo>
    </pick>
    <pick publicID="20140217.023940.14-AIC-PM.PBDV..HHZ">
      <time>
        <value>2014-02-17T02:39:40.149999Z</value>
      </time>
      <waveformID networkCode="PM" stationCode="PBDV" channelCode="HHZ"/>
      <methodID>AIC</methodID>
      <phaseHint>P</phaseHint>
      <evaluationMode>automatic</evaluationMode>
      <creationInfo>
        <agencyID>roa</agencyID>
        <author>scautopick@geo1</author>
        <creationTime>2014-02-17T02:43:55.960918Z</creationTime>
      </creationInfo>
    </pick>
    <pick publicID="20140217.023942.45-AIC-PM.SFS..HHZ">
      <time>
        <value>2014-02-17T02:39:42.45Z</value>
      </time>
      <waveformID networkCode="PM" stationCode="SFS" channelCode="HHZ"/>
      <methodID>AIC</methodID>
      <phaseHint>P</phaseHint>
      <evaluationMode>automatic</evaluationMode>
      <creationInfo>
        <agencyID>roa</agencyID>
        <author>scautopick@geo1</author>
        <creationTime>2014-02-17T02:39:52.937064Z</creationTime>
      </creationInfo>
    </pick>
    <pick publicID="20140217.023943.11-AIC-PM.PVAQ..HHZ">
      <time>
        <value>2014-02-17T02:39:43.11Z</value>
      </time>
      <waveformID networkCode="PM" stationCode="PVAQ" channelCode="HHZ"/>
      <methodID>AIC</methodID>
      <phaseHint>P</phaseHint>
      <evaluationMode>automatic</evaluationMode>
      <creationInfo>
        <agencyID>roa</agencyID>
        <author>scautopick@geo1</author>
        <creationTime>2014-02-17T02:39:54.656618Z</creationTime>
      </creationInfo>
    </pick>
    <amplitude publicID="20140217.024018.83-AIC-ES.EADA..HHZ.MLv">
      <type>MLv</type>
      <amplitude>
        <value>0.1576735591</value>
      </amplitude>
      <timeWindow>
        <reference>2014-02-17T02:41:57.177699Z</reference>
        <begin>0</begin>
        <end>0</end>
      </timeWindow>
      <snr>1.802583306</snr>
      <pickID>20140217.024018.83-AIC-ES.EADA..HHZ</pickID>
      <waveformID networkCode="ES" stationCode="EADA" channelCode="HHZ"/>
      <creationInfo>
        <agencyID>roa</agencyID>
        <author>scautopick@geo1</author>
        <creationTime>2014-02-17T02:43:00.364867Z</creationTime>
      </creationInfo>
    </amplitude>
    <amplitude publicID="20140217.024018.83-AIC-ES.EADA..HHZ.Mpd">
      <type>Mpd</type>
      <amplitude>
        <value>6.757317691e-06</value>
      </amplitude>
      <timeWindow>
        <reference>2014-02-17T02:40:15.2677Z</reference>
        <begin>0</begin>
        <end>0</end>
      </timeWindow>
      <snr>0.4520089706</snr>
      <pickID>20140217.024018.83-AIC-ES.EADA..HHZ</pickID>
      <waveformID networkCode="ES" stationCode="EADA" channelCode="HHZ"/>
      <creationInfo>
        <agencyID>roa</agencyID>
        <author>scautopick@geo1</author>
        <creationTime>2014-02-17T02:40:30.434022Z</creationTime>
      </creationInfo>
    </amplitude>
    <amplitude publicID="20140217.023959.30-AIC-ES.EBAD..HHZ.MLv">
      <type>MLv</type>
      <amplitude>
        <value>0.2131435297</value>
      </amplitude>
      <timeWindow>
        <reference>2014-02-17T02:40:07.26Z</reference>
        <begin>0</begin>
        <end>0</end>
      </timeWindow>
      <snr>2.35337224</snr>
      <pickID>20140217.023959.30-AIC-ES.EBAD..HHZ</pickID>
      <waveformID networkCode="ES" stationCode="EBAD" channelCode="HHZ"/>
      <creationInfo>
        <agencyID>roa</agencyID>
        <author>scautopick@geo1</author>
        <creationTime>2014-02-17T02:42:35.448827Z</creationTime>
      </creationInfo>
    </amplitude>
    <amplitude publicID="20140217.023959.30-AIC-ES.EBAD..HHZ.Mpd">
      <type>Mpd</type>
      <amplitude>
        <value>3.430009942e-05</value>
      </amplitude>
      <timeWindow>
        <reference>2014-02-17T02:40:02.29Z</reference>
        <begin>0</begin>
        <end>0</end>
      </timeWindow>
      <snr>1.087584213</snr>
      <pickID>20140217.023959.30-AIC-ES.EBAD..HHZ</pickID>
      <waveformID networkCode="ES" stationCode="EBAD" channelCode="HHZ"/>
      <creationInfo>
        <agencyID>roa</agencyID>
        <author>scautopick@geo1</author>
        <creationTime>2014-02-17T02:40:05.670461Z</creationTime>
      </creationInfo>
    </amplitude>
    <amplitude publicID="20140217.024009.81-AIC-ES.ECAB..HHZ.MLv">
      <type>MLv</type>
      <amplitude>
        <value>0.1500490457</value>
      </amplitude>
      <timeWindow>
        <reference>2014-02-17T02:41:56.789999Z</reference>
        <begin>0</begin>
        <end>0</end>
      </timeWindow>
      <snr>2.364643445</snr>
      <pickID>20140217.024009.81-AIC-ES.ECAB..HHZ</pickID>
      <waveformID networkCode="ES" stationCode="ECAB" channelCode="HHZ"/>
      <creationInfo>
        <agencyID>roa</agencyID>
        <author>scautopick@geo1</author>
        <creationTime>2014-02-17T02:42:46.19875Z</creationTime>
      </creationInfo>
    </amplitude>
    <amplitude publicID="20140217.024009.81-AIC-ES.ECAB..HHZ.Mpd">
      <type>Mpd</type>
      <amplitude>
        <value>4.592360301e-05</value>
      </amplitude>
      <timeWindow>
        <reference>2014-02-17T02:40:08.859999Z</reference>
        <begin>0</begin>
        <end>0</end>
      </timeWindow>
      <snr>1.157245289</snr>
      <pickID>20140217.024009.81-AIC-ES.ECAB..HHZ</pickID>
      <waveformID networkCode="ES" stationCode="ECAB" channelCode="HHZ"/>
      <creationInfo>
        <agencyID>roa</agencyID>
        <author>scautopick@geo1</author>
        <creationTime>2014-02-17T02:40:16.55414Z</creationTime>
      </creationInfo>
    </amplitude>
    <amplitude publicID="20140217.024007.88-AIC-ES.ECEU..HHZ.MLv">
      <type>MLv</type>
      <amplitude>
        <value>0.09896989813</value>
      </amplitude>
      <timeWindow>
        <reference>2014-02-17T02:40:14.8477Z</reference>
        <begin>0</begin>
        <end>0</end>
      </timeWindow>
      <snr>1.383108829</snr>
      <pickID>20140217.024007.88-AIC-ES.ECEU..HHZ</pickID>
      <waveformID networkCode="ES" stationCode="ECEU" channelCode="HHZ"/>
      <creationInfo>
        <agencyID>roa</agencyID>
        <author>scautopick@geo1</author>
        <creationTime>2014-02-17T02:42:42.926356Z</creationTime>
      </creationInfo>
    </amplitude>
    <amplitude publicID="20140217.024007.88-AIC-ES.ECEU..HHZ.Mpd">
      <type>Mpd</type>
      <amplitude>
        <value>3.368620988e-05</value>
      </amplitude>
      <timeWindow>
        <reference>2014-02-17T02:40:06.7177Z</reference>
        <begin>0</begin>
        <end>0</end>
      </timeWindow>
      <snr>0.7884700075</snr>
      <pickID>20140217.024007.88-AIC-ES.ECEU..HHZ</pickID>
      <waveformID networkCode="ES" stationCode="ECEU" channelCode="HHZ"/>
      <creationInfo>
        <agencyID>roa</agencyID>
        <author>scautopick@geo1</author>
        <creationTime>2014-02-17T02:40:12.987904Z</creationTime>
      </creationInfo>
    </amplitude>
    <amplitude publicID="20140217.023946.84-AIC-ES.EGRO..HHZ.MLv">
      <type>MLv</type>
      <amplitude>
        <value>0.1808943506</value>
      </amplitude>
      <timeWindow>
        <reference>2014-02-17T02:41:41.03Z</reference>
        <begin>0</begin>
        <end>0</end>
      </timeWindow>
      <snr>1.645486996</snr>
      <pickID>20140217.023946.84-AIC-ES.EGRO..HHZ</pickID>
      <waveformID networkCode="ES" stationCode="EGRO" channelCode="HHZ"/>
      <creationInfo>
        <agencyID>roa</agencyID>
        <author>scautopick@geo1</author>
        <creationTime>2014-02-17T02:42:22.658675Z</creationTime>
      </creationInfo>
    </amplitude>
    <amplitude publicID="20140217.023946.84-AIC-ES.EGRO..HHZ.Mpd">
      <type>Mpd</type>
      <amplitude>
        <value>3.172155117e-05</value>
      </amplitude>
      <timeWindow>
        <reference>2014-02-17T02:39:44.58Z</reference>
        <begin>0</begin>
        <end>0</end>
      </timeWindow>
      <snr>0.6931955757</snr>
      <pickID>20140217.023946.84-AIC-ES.EGRO..HHZ</pickID>
      <waveformID networkCode="ES" stationCode="EGRO" channelCode="HHZ"/>
      <creationInfo>
        <agencyID>roa</agencyID>
        <author>scautopick@geo1</author>
        <creationTime>2014-02-17T02:40:02.324102Z</creationTime>
      </creationInfo>
    </amplitude>
    <amplitude publicID="20140217.024012.35-AIC-ES.EMIJ..HHZ.MLv">
      <type>MLv</type>
      <amplitude>
        <value>0.08540164378</value>
      </amplitude>
      <timeWindow>
        <reference>2014-02-17T02:42:34.28Z</reference>
        <begin>0</begin>
        <end>0</end>
      </timeWindow>
      <snr>1.680377219</snr>
      <pickID>20140217.024012.35-AIC-ES.EMIJ..HHZ</pickID>
      <waveformID networkCode="ES" stationCode="EMIJ" channelCode="HHZ"/>
      <creationInfo>
        <agencyID>roa</agencyID>
        <author>scautopick@geo1</author>
        <creationTime>2014-02-17T02:42:51.172369Z</creationTime>
      </creationInfo>
    </amplitude>
    <amplitude publicID="20140217.024012.35-AIC-ES.EMIJ..HHZ.Mpd">
      <type>Mpd</type>
      <amplitude>
        <value>4.330100969e-05</value>
      </amplitude>
      <timeWindow>
        <reference>2014-02-17T02:40:14.36Z</reference>
        <begin>0</begin>
        <end>0</end>
      </timeWindow>
      <snr>0.9902663778</snr>
      <pickID>20140217.024012.35-AIC-ES.EMIJ..HHZ</pickID>
      <waveformID networkCode="ES" stationCode="EMIJ" channelCode="HHZ"/>
      <creationInfo>
        <agencyID>roa</agencyID>
        <author>scautopick@geo1</author>
        <creationTime>2014-02-17T02:40:21.488312Z</creationTime>
      </creationInfo>
    </amplitude>
    <amplitude publicID="20140217.023955.57-AIC-ES.EMIN..HHZ.MLv">
      <type>MLv</type>
      <amplitude>
        <value>0.1817176054</value>
      </amplitude>
      <timeWindow>
        <reference>2014-02-17T02:40:32.087699Z</reference>
        <begin>0</begin>
        <end>0</end>
      </timeWindow>
      <snr>1.912433888</snr>
      <pickID>20140217.023955.57-AIC-ES.EMIN..HHZ</pickID>
      <waveformID networkCode="ES" stationCode="EMIN" channelCode="HHZ"/>
      <creationInfo>
        <agencyID>roa</agencyID>
        <author>scautopick@geo1</author>
        <creationTime>2014-02-17T02:42:30.53455Z</creationTime>
      </creationInfo>
    </amplitude>
    <amplitude publicID="20140217.023955.57-AIC-ES.EMIN..HHZ.Mpd">
      <type>Mpd</type>
      <amplitude>
        <value>2.862735031e-05</value>
      </amplitude>
      <timeWindow>
        <reference>2014-02-17T02:39:50.8577Z</reference>
        <begin>0</begin>
        <end>0</end>
      </timeWindow>
      <snr>1.261798711</snr>
      <pickID>20140217.023955.57-AIC-ES.EMIN..HHZ</pickID>
      <waveformID networkCode="ES" stationCode="EMIN" channelCode="HHZ"/>
      <creationInfo>
        <agencyID>roa</agencyID>
        <author>scautopick@geo1</author>
        <creationTime>2014-02-17T02:40:10.743196Z</creationTime>
      </creationInfo>
    </amplitude>
    <amplitude publicID="20140217.023940.14-AIC-PM.PBDV..HHZ.Mpd">
      <type>Mpd</type>
      <amplitude>
        <value>0.0002118938632</value>
      </amplitude>
      <timeWindow>
        <reference>2014-02-17T02:39:41.77Z</reference>
        <begin>0</begin>
        <end>0</end>
      </timeWindow>
      <snr>1.153627083</snr>
      <pickID>20140217.023940.14-AIC-PM.PBDV..HHZ</pickID>
      <waveformID networkCode="PM" stationCode="PBDV" channelCode="HHZ"/>
      <creationInfo>
        <agencyID>roa</agencyID>
        <author>scautopick@geo1</author>
        <creationTime>2014-02-17T02:43:55.96621Z</creationTime>
      </creationInfo>
    </amplitude>
    <amplitude publicID="20140217.023941.82-AIC-PM.PCVE..HHZ.MLv">
      <type>MLv</type>
      <amplitude>
        <value>0.2362665933</value>
      </amplitude>
      <timeWindow>
        <reference>2014-02-17T02:40:04.329999Z</reference>
        <begin>0</begin>
        <end>0</end>
      </timeWindow>
      <snr>2.36873579</snr>
      <pickID>20140217.023941.82-AIC-PM.PCVE..HHZ</pickID>
      <waveformID networkCode="PM" stationCode="PCVE" channelCode="HHZ"/>
      <creationInfo>
        <agencyID>roa</agencyID>
        <author>scautopick@geo1</author>
        <creationTime>2014-02-17T02:42:21.188403Z</creationTime>
      </creationInfo>
    </amplitude>
    <amplitude publicID="20140217.023941.82-AIC-PM.PCVE..HHZ.Mpd">
      <type>Mpd</type>
      <amplitude>
        <value>3.655096071e-05</value>
      </amplitude>
      <timeWindow>
        <reference>2014-02-17T02:39:44.219999Z</reference>
        <begin>0</begin>
        <end>0</end>
      </timeWindow>
      <snr>1.15153012</snr>
      <pickID>20140217.023941.82-AIC-PM.PCVE..HHZ</pickID>
      <waveformID networkCode="PM" stationCode="PCVE" channelCode="HHZ"/>
      <creationInfo>
        <agencyID>roa</agencyID>
        <author>scautopick@geo1</author>
        <creationTime>2014-02-17T02:39:54.95178Z</creationTime>
      </creationInfo>
    </amplitude>
    <amplitude publicID="20140217.023930.38-AIC-PM.PFVI..HHZ.MLv">
      <type>MLv</type>
      <amplitude>
        <value>0.7588578453</value>
      </amplitude>
      <timeWindow>
        <reference>2014-02-17T02:39:44.169999Z</reference>
        <begin>0</begin>
        <end>0</end>
      </timeWindow>
      <snr>3.87573303</snr>
      <pickID>20140217.023930.38-AIC-PM.PFVI..HHZ</pickID>
      <waveformID networkCode="PM" stationCode="PFVI" channelCode="HHZ"/>
      <creationInfo>
        <agencyID>roa</agencyID>
        <author>scautopick@geo1</author>
        <creationTime>2014-02-17T02:42:18.480919Z</creationTime>
      </creationInfo>
    </amplitude>
    <amplitude publicID="20140217.023930.38-AIC-PM.PFVI..HHZ.Mpd">
      <type>Mpd</type>
      <amplitude>
        <value>2.963412746e-05</value>
      </amplitude>
      <timeWindow>
        <reference>2014-02-17T02:39:32.46Z</reference>
        <begin>0</begin>
        <end>0</end>
      </timeWindow>
      <snr>0.7621542749</snr>
      <pickID>20140217.023930.38-AIC-PM.PFVI..HHZ</pickID>
      <waveformID networkCode="PM" stationCode="PFVI" channelCode="HHZ"/>
      <creationInfo>
        <agencyID>roa</agencyID>
        <author>scautopick@geo1</author>
        <creationTime>2014-02-17T02:39:43.860788Z</creationTime>
      </creationInfo>
    </amplitude>
    <amplitude publicID="20140217.023942.45-AIC-PM.PNCL..HHZ.MLv">
      <type>MLv</type>
      <amplitude>
        <value>0.221490244</value>
      </amplitude>
      <timeWindow>
        <reference>2014-02-17T02:41:33.919999Z</reference>
        <begin>0</begin>
        <end>0</end>
      </timeWindow>
      <snr>2.054343168</snr>
      <pickID>20140217.023942.45-AIC-PM.PNCL..HHZ</pickID>
      <waveformID networkCode="PM" stationCode="PNCL" channelCode="HHZ"/>
      <creationInfo>
        <agencyID>roa</agencyID>
        <author>scautopick@geo1</author>
        <creationTime>2014-02-17T02:42:31.034649Z</creationTime>
      </creationInfo>
    </amplitude>
    <amplitude publicID="20140217.023942.45-AIC-PM.PNCL..HHZ.Mpd">
      <type>Mpd</type>
      <amplitude>
        <value>2.991091383e-05</value>
      </amplitude>
      <timeWindow>
        <reference>2014-02-17T02:39:38.14Z</reference>
        <begin>0</begin>
        <end>0</end>
      </timeWindow>
      <snr>0.5000057021</snr>
      <pickID>20140217.023942.45-AIC-PM.PNCL..HHZ</pickID>
      <waveformID networkCode="PM" stationCode="PNCL" channelCode="HHZ"/>
      <creationInfo>
        <agencyID>roa</agencyID>
        <author>scautopick@geo1</author>
        <creationTime>2014-02-17T02:39:52.946169Z</creationTime>
      </creationInfo>
    </amplitude>
    <amplitude publicID="20140217.023943.11-AIC-PM.PVAQ..HHZ.MLv">
      <type>MLv</type>
      <amplitude>
        <value>0.6246108933</value>
      </amplitude>
      <timeWindow>
        <reference>2014-02-17T02:40:10.57Z</reference>
        <begin>0</begin>
        <end>0</end>
      </timeWindow>
      <snr>2.605842444</snr>
      <pickID>20140217.023943.11-AIC-PM.PVAQ..HHZ</pickID>
      <waveformID networkCode="PM" stationCode="PVAQ" channelCode="HHZ"/>
      <creationInfo>
        <agencyID>roa</agencyID>
        <author>scautopick@geo1</author>
        <creationTime>2014-02-17T02:42:28.525833Z</creationTime>
      </creationInfo>
    </amplitude>
    <amplitude publicID="20140217.023943.11-AIC-PM.PVAQ..HHZ.Mpd">
      <type>Mpd</type>
      <amplitude>
        <value>0.0001552134539</value>
      </amplitude>
      <timeWindow>
        <reference>2014-02-17T02:39:41.1Z</reference>
        <begin>0</begin>
        <end>0</end>
      </timeWindow>
      <snr>1.498389044</snr>
      <pickID>20140217.023943.11-AIC-PM.PVAQ..HHZ</pickID>
      <waveformID networkCode="PM" stationCode="PVAQ" channelCode="HHZ"/>
      <creationInfo>
        <agencyID>roa</agencyID>
        <author>scautopick@geo1</author>
        <creationTime>2014-02-17T02:39:54.665107Z</creationTime>
      </creationInfo>
    </amplitude>
    <amplitude publicID="20140217.023950.06-AIC-WM.EVO..HHZ.MLv">
      <type>MLv</type>
      <amplitude>
        <value>0.08626562787</value>
      </amplitude>
      <timeWindow>
        <reference>2014-02-17T02:40:27.699999Z</reference>
        <begin>0</begin>
        <end>0</end>
      </timeWindow>
      <snr>1.865266951</snr>
      <pickID>20140217.023950.06-AIC-WM.EVO..HHZ</pickID>
      <waveformID networkCode="WM" stationCode="EVO" channelCode="HHZ"/>
      <creationInfo>
        <agencyID>roa</agencyID>
        <author>scautopick@geo1</author>
        <creationTime>2014-02-17T02:42:29.243304Z</creationTime>
      </creationInfo>
    </amplitude>
    <amplitude publicID="20140217.023950.06-AIC-WM.EVO..HHZ.Mpd">
      <type>Mpd</type>
      <amplitude>
        <value>1.213333488e-05</value>
      </amplitude>
      <timeWindow>
        <reference>2014-02-17T02:39:52.55Z</reference>
        <begin>0</begin>
        <end>0</end>
      </timeWindow>
      <snr>0.9304042337</snr>
      <pickID>20140217.023950.06-AIC-WM.EVO..HHZ</pickID>
      <waveformID networkCode="WM" stationCode="EVO" channelCode="HHZ"/>
      <creationInfo>
        <agencyID>roa</agencyID>
        <author>scautopick@geo1</author>
        <creationTime>2014-02-17T02:39:59.790553Z</creationTime>
      </creationInfo>
    </amplitude>
    <amplitude publicID="20140217.024022.30-AIC-WM.IFR..HHZ.MLv">
      <type>MLv</type>
      <amplitude>
        <value>0.0554870432</value>
      </amplitude>
      <timeWindow>
        <reference>2014-02-17T02:42:21.109999Z</reference>
        <begin>0</begin>
        <end>0</end>
      </timeWindow>
      <snr>2.095738791</snr>
      <pickID>20140217.024022.30-AIC-WM.IFR..HHZ</pickID>
      <waveformID networkCode="WM" stationCode="IFR" channelCode="HHZ"/>
      <creationInfo>
        <agencyID>roa</agencyID>
        <author>scautopick@geo1</author>
        <creationTime>2014-02-17T02:42:58.286018Z</creationTime>
      </creationInfo>
    </amplitude>
    <amplitude publicID="20140217.024022.30-AIC-WM.IFR..HHZ.Mpd">
      <type>Mpd</type>
      <amplitude>
        <value>1.173333483e-05</value>
      </amplitude>
      <timeWindow>
        <reference>2014-02-17T02:40:19.02Z</reference>
        <begin>0</begin>
        <end>0</end>
      </timeWindow>
      <snr>1.72223308</snr>
      <pickID>20140217.024022.30-AIC-WM.IFR..HHZ</pickID>
      <waveformID networkCode="WM" stationCode="IFR" channelCode="HHZ"/>
      <creationInfo>
        <agencyID>roa</agencyID>
        <author>scautopick@geo1</author>
        <creationTime>2014-02-17T02:40:33.005821Z</creationTime>
      </creationInfo>
    </amplitude>
    <amplitude publicID="20140217.024022.30-AIC-WM.IFR..HHZ.mb">
      <type>mb</type>
      <amplitude>
        <value>2.800450387</value>
      </amplitude>
      <timeWindow>
        <reference>2014-02-17T02:40:22.88Z</reference>
        <begin>0</begin>
        <end>0</end>
      </timeWindow>
      <period>
        <value>1.4425</value>
      </period>
      <snr>0.7398707474</snr>
      <pickID>20140217.024022.30-AIC-WM.IFR..HHZ</pickID>
      <waveformID networkCode="WM" stationCode="IFR" channelCode="HHZ"/>
      <creationInfo>
        <agencyID>roa</agencyID>
        <author>scautopick@geo1</author>
        <creationTime>2014-02-17T02:40:58.994983Z</creationTime>
      </creationInfo>
    </amplitude>
    <amplitude publicID="20140217.024045.06-AIC-WM.UCM..HHZ.MLv">
      <type>MLv</type>
      <amplitude>
        <value>0.1745314069</value>
      </amplitude>
      <timeWindow>
        <reference>2014-02-17T02:41:08.699999Z</reference>
        <begin>0</begin>
        <end>0</end>
      </timeWindow>
      <snr>1.151175643</snr>
      <pickID>20140217.024045.06-AIC-WM.UCM..HHZ</pickID>
      <waveformID networkCode="WM" stationCode="UCM" channelCode="HHZ"/>
      <creationInfo>
        <agencyID>roa</agencyID>
        <author>scautopick@geo1</author>
        <creationTime>2014-02-17T02:43:21.349605Z</creationTime>
      </creationInfo>
    </amplitude>
    <amplitude publicID="20140217.024045.06-AIC-WM.UCM..HHZ.Mpd">
      <type>Mpd</type>
      <amplitude>
        <value>3.660000465e-05</value>
      </amplitude>
      <timeWindow>
        <reference>2014-02-17T02:40:46.03Z</reference>
        <begin>0</begin>
        <end>0</end>
      </timeWindow>
      <snr>0.4280448719</snr>
      <pickID>20140217.024045.06-AIC-WM.UCM..HHZ</pickID>
      <waveformID networkCode="WM" stationCode="UCM" channelCode="HHZ"/>
      <creationInfo>
        <agencyID>roa</agencyID>
        <author>scautopick@geo1</author>
        <creationTime>2014-02-17T02:40:57.553343Z</creationTime>
      </creationInfo>
    </amplitude>
    <amplitude publicID="20140217.024045.06-AIC-WM.UCM..HHZ.mb">
      <type>mb</type>
      <amplitude>
        <value>14.28272678</value>
      </amplitude>
      <timeWindow>
        <reference>2014-02-17T02:40:46.19Z</reference>
        <begin>0</begin>
        <end>0</end>
      </timeWindow>
      <period>
        <value>2.3225</value>
      </period>
      <snr>0.9210311994</snr>
      <pickID>20140217.024045.06-AIC-WM.UCM..HHZ</pickID>
      <waveformID networkCode="WM" stationCode="UCM" channelCode="HHZ"/>
      <creationInfo>
        <agencyID>roa</agencyID>
        <author>scautopick@geo1</author>
        <creationTime>2014-02-17T02:41:21.710252Z</creationTime>
      </creationInfo>
    </amplitude>
    <amplitude publicID="Amplitude#20140217024358.447884.19051">
      <type>MLv</type>
      <amplitude>
        <value>0.3653755813</value>
      </amplitude>
      <timeWindow>
        <reference>2014-02-17T02:40:05.57Z</reference>
        <begin>0</begin>
        <end>0</end>
      </timeWindow>
      <snr>1.728840395</snr>
      <pickID>20140217.023940.14-AIC-PM.PBDV..HHZ</pickID>
      <waveformID networkCode="PM" stationCode="PBDV" channelCode="HHZ"/>
      <creationInfo>
        <agencyID>roa</agencyID>
        <author>scamp@geo1</author>
        <creationTime>2014-02-17T02:43:58.447943Z</creationTime>
      </creationInfo>
    </amplitude>
    <origin publicID="Origin#2015012222.05775.14181">
      <time>
        <value>2015-01-22T21:30:05.415664Z</value>
        <uncertainty>2.707817459</uncertainty>
      </time>
      <latitude>
        <value>37</value>
        <uncertainty>7.212400873</uncertainty>
      </latitude>
      <longitude>
        <value>-10</value>
        <uncertainty>23.25231397</uncertainty>
      </longitude>
      <depth>
        <value>10</value>
        <uncertainty>0</uncertainty>
      </depth>
      <methodID>LOCSAT</methodID>
      <earthModelID>iasp91</earthModelID>
      <quality>
        <associatedPhaseCount>16</associatedPhaseCount>
        <usedPhaseCount>16</usedPhaseCount>
        <associatedStationCount>16</associatedStationCount>
        <usedStationCount>16</usedStationCount>
        <standardError>0.4652719233</standardError>
        <azimuthalGap>276.945713</azimuthalGap>
        <maximumDistance>6.762443066</maximumDistance>
        <minimumDistance>1.385400891</minimumDistance>
        <medianDistance>3.350211382</medianDistance>
      </quality>
      <evaluationMode>automatic</evaluationMode>
      <creationInfo>
        <agencyID>roa</agencyID>
        <author>scautoloc@geo1</author>
        <creationTime>2015-01-22T21:30:56.05774Z</creationTime>
      </creationInfo>
      <arrival>
        <pickID>20140217.023930.38-AIC-PM.PFVI..HHZ</pickID>
        <phase>P</phase>
        <azimuth>59.37654114</azimuth>
        <distance>1.385400891</distance>
        <timeResidual>0.03584098816</timeResidual>
        <weight>1</weight>
      </arrival>
      <arrival>
        <pickID>20140217.023940.14-AIC-PM.PBDV..HHZ</pickID>
        <phase>P</phase>
        <azimuth>66.43078613</azimuth>
        <distance>2.076575518</distance>
        <timeResidual>-0.1912345886</timeResidual>
        <weight>1</weight>
      </arrival>
      <arrival>
        <pickID>20140217.023941.82-AIC-PM.PCVE..HHZ</pickID>
        <phase>P</phase>
        <azimuth>56.03460693</azimuth>
        <distance>2.180137396</distance>
        <timeResidual>0.07155799866</timeResidual>
        <weight>1</weight>
      </arrival>
      <arrival>
        <pickID>20140217.023942.45-AIC-PM.PNCL..HHZ</pickID>
        <phase>P</phase>
        <azimuth>39.8814888</azimuth>
        <distance>2.200642586</distance>
        <timeResidual>0.4553432465</timeResidual>
        <weight>1</weight>
      </arrival>
      <arrival>
        <pickID>20140217.023943.11-AIC-PM.PVAQ..HHZ</pickID>
        <phase>P</phase>
        <azimuth>64.30821991</azimuth>
        <distance>2.296145201</distance>
        <timeResidual>-0.2524852753</timeResidual>
        <weight>1</weight>
      </arrival>
      <arrival>
        <pickID>20140217.023946.84-AIC-ES.EGRO..HHZ</pickID>
        <phase>P</phase>
        <azimuth>63.32098007</azimuth>
        <distance>2.519448757</distance>
        <timeResidual>0.4035015106</timeResidual>
        <weight>1</weight>
      </arrival>
      <arrival>
        <pickID>20140217.023950.06-AIC-WM.EVO..HHZ</pickID>
        <phase>P</phase>
        <azimuth>40.4607048</azimuth>
        <distance>2.779655218</distance>
        <timeResidual>0.1107463837</timeResidual>
        <weight>1</weight>
      </arrival>
      <arrival>
        <pickID>20140217.023955.57-AIC-ES.EMIN..HHZ</pickID>
        <phase>P</phase>
        <azimuth>64.3336792</azimuth>
        <distance>3.200554371</distance>
        <timeResidual>-0.2424678802</timeResidual>
        <weight>1</weight>
      </arrival>
      <arrival>
        <pickID>20140217.023959.30-AIC-ES.EBAD..HHZ</pickID>
        <phase>P</phase>
        <azimuth>47.5045929</azimuth>
        <distance>3.499868393</distance>
        <timeResidual>-0.5887756348</timeResidual>
        <weight>1</weight>
      </arrival>
      <arrival>
        <pickID>20140217.024007.88-AIC-ES.ECEU..HHZ</pickID>
        <phase>P</phase>
        <azimuth>96.21858978</azimuth>
        <distance>4.028155804</distance>
        <timeResidual>0.6351337433</timeResidual>
        <weight>1</weight>
      </arrival>
      <arrival>
        <pickID>20140217.024008.30-AIC-WM.CEU..HHZ</pickID>
        <phase>P</phase>
        <azimuth>96.1991806</azimuth>
        <distance>4.030972481</distance>
        <timeResidual>1.018610001</timeResidual>
        <weight>1</weight>
      </arrival>
      <arrival>
        <pickID>20140217.024009.81-AIC-ES.ECAB..HHZ</pickID>
        <phase>P</phase>
        <azimuth>65.75042725</azimuth>
        <distance>4.232397556</distance>
        <timeResidual>-0.2151508331</timeResidual>
        <weight>1</weight>
      </arrival>
      <arrival>
        <pickID>20140217.024012.35-AIC-ES.EMIJ..HHZ</pickID>
        <phase>P</phase>
        <azimuth>86.70523071</azimuth>
        <distance>4.462233067</distance>
        <timeResidual>-0.8774967194</timeResidual>
        <weight>1</weight>
      </arrival>
      <arrival>
        <pickID>20140217.024018.83-AIC-ES.EADA..HHZ</pickID>
        <phase>P</phase>
        <azimuth>67.53045654</azimuth>
        <distance>4.885702133</distance>
        <timeResidual>-0.1997013092</timeResidual>
        <weight>1</weight>
      </arrival>
      <arrival>
        <pickID>20140217.024022.30-AIC-WM.IFR..HHZ</pickID>
        <phase>P</phase>
        <azimuth>122.9357758</azimuth>
        <distance>5.160569191</distance>
        <timeResidual>-0.4413127899</timeResidual>
        <weight>1</weight>
      </arrival>
      <arrival>
        <pickID>20140217.024045.06-AIC-WM.UCM..HHZ</pickID>
        <phase>P</phase>
        <azimuth>52.94024277</azimuth>
        <distance>6.762443066</distance>
        <timeResidual>0.2777957916</timeResidual>
        <weight>1</weight>
      </arrival>
      <stationMagnitude publicID="Origin#20140217024356.05775.14181#staMag.MLv#ES.EADA">
        <magnitude>
          <value>4.01942409</value>
        </magnitude>
        <type>MLv</type>
        <amplitudeID>20140217.024018.83-AIC-ES.EADA..HHZ.MLv</amplitudeID>
        <waveformID networkCode="ES" stationCode="EADA" channelCode="HHZ"/>
        <creationInfo>
          <agencyID>roa</agencyID>
          <author>scmag@geo1</author>
          <creationTime>2014-02-17T02:43:56.569828Z</creationTime>
        </creationInfo>
      </stationMagnitude>
      <stationMagnitude publicID="Origin#20140217024356.05775.14181#staMag.Mpd#ES.EADA">
        <magnitude>
          <value>3.559920753</value>
        </magnitude>
        <type>Mpd</type>
        <amplitudeID>20140217.024018.83-AIC-ES.EADA..HHZ.Mpd</amplitudeID>
        <waveformID networkCode="ES" stationCode="EADA" channelCode="HHZ"/>
        <creationInfo>
          <agencyID>roa</agencyID>
          <author>scmag@geo1</author>
          <creationTime>2014-02-17T02:43:56.569986Z</creationTime>
        </creationInfo>
      </stationMagnitude>
      <stationMagnitude publicID="Origin#20140217024356.05775.14181#staMag.MLv#ES.EBAD">
        <magnitude>
          <value>3.773425035</value>
        </magnitude>
        <type>MLv</type>
        <amplitudeID>20140217.023959.30-AIC-ES.EBAD..HHZ.MLv</amplitudeID>
        <waveformID networkCode="ES" stationCode="EBAD" channelCode="HHZ"/>
        <creationInfo>
          <agencyID>roa</agencyID>
          <author>scmag@geo1</author>
          <creationTime>2014-02-17T02:43:56.570267Z</creationTime>
        </creationInfo>
      </stationMagnitude>
      <stationMagnitude publicID="Origin#20140217024356.05775.14181#staMag.Mpd#ES.EBAD">
        <magnitude>
          <value>4.105822627</value>
        </magnitude>
        <type>Mpd</type>
        <amplitudeID>20140217.023959.30-AIC-ES.EBAD..HHZ.Mpd</amplitudeID>
        <waveformID networkCode="ES" stationCode="EBAD" channelCode="HHZ"/>
        <creationInfo>
          <agencyID>roa</agencyID>
          <author>scmag@geo1</author>
          <creationTime>2014-02-17T02:43:56.570427Z</creationTime>
        </creationInfo>
      </stationMagnitude>
      <stationMagnitude publicID="Origin#20140217024356.05775.14181#staMag.MLv#ES.ECAB">
        <magnitude>
          <value>3.834540262</value>
        </magnitude>
        <type>MLv</type>
        <amplitudeID>20140217.024009.81-AIC-ES.ECAB..HHZ.MLv</amplitudeID>
        <waveformID networkCode="ES" stationCode="ECAB" channelCode="HHZ"/>
        <creationInfo>
          <agencyID>roa</agencyID>
          <author>scmag@geo1</author>
          <creationTime>2014-02-17T02:43:56.570693Z</creationTime>
        </creationInfo>
      </stationMagnitude>
      <stationMagnitude publicID="Origin#20140217024356.05775.14181#staMag.Mpd#ES.ECAB">
        <magnitude>
          <value>4.328831181</value>
        </magnitude>
        <type>Mpd</type>
        <amplitudeID>20140217.024009.81-AIC-ES.ECAB..HHZ.Mpd</amplitudeID>
        <waveformID networkCode="ES" stationCode="ECAB" channelCode="HHZ"/>
        <creationInfo>
          <agencyID>roa</agencyID>
          <author>scmag@geo1</author>
          <creationTime>2014-02-17T02:43:56.570835Z</creationTime>
        </creationInfo>
      </stationMagnitude>
      <stationMagnitude publicID="Origin#20140217024356.05775.14181#staMag.MLv#ES.ECEU">
        <magnitude>
          <value>3.60273969</value>
        </magnitude>
        <type>MLv</type>
        <amplitudeID>20140217.024007.88-AIC-ES.ECEU..HHZ.MLv</amplitudeID>
        <waveformID networkCode="ES" stationCode="ECEU" channelCode="HHZ"/>
        <creationInfo>
          <agencyID>roa</agencyID>
          <author>scmag@geo1</author>
          <creationTime>2014-02-17T02:43:56.571087Z</creationTime>
        </creationInfo>
      </stationMagnitude>
      <stationMagnitude publicID="Origin#20140217024356.05775.14181#staMag.Mpd#ES.ECEU">
        <magnitude>
          <value>4.168164921</value>
        </magnitude>
        <type>Mpd</type>
        <amplitudeID>20140217.024007.88-AIC-ES.ECEU..HHZ.Mpd</amplitudeID>
        <waveformID networkCode="ES" stationCode="ECEU" channelCode="HHZ"/>
        <creationInfo>
          <agencyID>roa</agencyID>
          <author>scmag@geo1</author>
          <creationTime>2014-02-17T02:43:56.571217Z</creationTime>
        </creationInfo>
      </stationMagnitude>
      <stationMagnitude publicID="Origin#20140217024356.05775.14181#staMag.MLv#ES.EGRO">
        <magnitude>
          <value>3.157393426</value>
        </magnitude>
        <type>MLv</type>
        <amplitudeID>20140217.023946.84-AIC-ES.EGRO..HHZ.MLv</amplitudeID>
        <waveformID networkCode="ES" stationCode="EGRO" channelCode="HHZ"/>
        <creationInfo>
          <agencyID>roa</agencyID>
          <author>scmag@geo1</author>
          <creationTime>2014-02-17T02:43:56.571491Z</creationTime>
        </creationInfo>
      </stationMagnitude>
      <stationMagnitude publicID="Origin#20140217024356.05775.14181#staMag.Mpd#ES.EGRO">
        <magnitude>
          <value>3.907317952</value>
        </magnitude>
        <type>Mpd</type>
        <amplitudeID>20140217.023946.84-AIC-ES.EGRO..HHZ.Mpd</amplitudeID>
        <waveformID networkCode="ES" stationCode="EGRO" channelCode="HHZ"/>
        <creationInfo>
          <agencyID>roa</agencyID>
          <author>scmag@geo1</author>
          <creationTime>2014-02-17T02:43:56.571642Z</creationTime>
        </creationInfo>
      </stationMagnitude>
      <stationMagnitude publicID="Origin#20140217024356.05775.14181#staMag.MLv#ES.EMIJ">
        <magnitude>
          <value>3.647243407</value>
        </magnitude>
        <type>MLv</type>
        <amplitudeID>20140217.024012.35-AIC-ES.EMIJ..HHZ.MLv</amplitudeID>
        <waveformID networkCode="ES" stationCode="EMIJ" channelCode="HHZ"/>
        <creationInfo>
          <agencyID>roa</agencyID>
          <author>scmag@geo1</author>
          <creationTime>2014-02-17T02:43:56.571894Z</creationTime>
        </creationInfo>
      </stationMagnitude>
      <stationMagnitude publicID="Origin#20140217024356.05775.14181#staMag.Mpd#ES.EMIJ">
        <magnitude>
          <value>4.329469414</value>
        </magnitude>
        <type>Mpd</type>
        <amplitudeID>20140217.024012.35-AIC-ES.EMIJ..HHZ.Mpd</amplitudeID>
        <waveformID networkCode="ES" stationCode="EMIJ" channelCode="HHZ"/>
        <creationInfo>
          <agencyID>roa</agencyID>
          <author>scmag@geo1</author>
          <creationTime>2014-02-17T02:43:56.572024Z</creationTime>
        </creationInfo>
      </stationMagnitude>
      <stationMagnitude publicID="Origin#20140217024356.05775.14181#staMag.MLv#ES.EMIN">
        <magnitude>
          <value>3.537831688</value>
        </magnitude>
        <type>MLv</type>
        <amplitudeID>20140217.023955.57-AIC-ES.EMIN..HHZ.MLv</amplitudeID>
        <waveformID networkCode="ES" stationCode="EMIN" channelCode="HHZ"/>
        <creationInfo>
          <agencyID>roa</agencyID>
          <author>scmag@geo1</author>
          <creationTime>2014-02-17T02:43:56.572272Z</creationTime>
        </creationInfo>
      </stationMagnitude>
      <stationMagnitude publicID="Origin#20140217024356.05775.14181#staMag.Mpd#ES.EMIN">
        <magnitude>
          <value>3.981838356</value>
        </magnitude>
        <type>Mpd</type>
        <amplitudeID>20140217.023955.57-AIC-ES.EMIN..HHZ.Mpd</amplitudeID>
        <waveformID networkCode="ES" stationCode="EMIN" channelCode="HHZ"/>
        <creationInfo>
          <agencyID>roa</agencyID>
          <author>scmag@geo1</author>
          <creationTime>2014-02-17T02:43:56.572403Z</creationTime>
        </creationInfo>
      </stationMagnitude>
      <stationMagnitude publicID="Origin#20140217024356.05775.14181#staMag.Mpd#PM.PBDV">
        <magnitude>
          <value>4.643884502</value>
        </magnitude>
        <type>Mpd</type>
        <amplitudeID>20140217.023940.14-AIC-PM.PBDV..HHZ.Mpd</amplitudeID>
        <waveformID networkCode="PM" stationCode="PBDV" channelCode="HHZ"/>
        <creationInfo>
          <agencyID>roa</agencyID>
          <author>scmag@geo1</author>
          <creationTime>2014-02-17T02:43:56.572609Z</creationTime>
        </creationInfo>
      </stationMagnitude>
      <stationMagnitude publicID="Origin#20140217024356.05775.14181#staMag.MLv#PM.PCVE">
        <magnitude>
          <value>3.084827438</value>
        </magnitude>
        <type>MLv</type>
        <amplitudeID>20140217.023941.82-AIC-PM.PCVE..HHZ.MLv</amplitudeID>
        <waveformID networkCode="PM" stationCode="PCVE" channelCode="HHZ"/>
        <creationInfo>
          <agencyID>roa</agencyID>
          <author>scmag@geo1</author>
          <creationTime>2014-02-17T02:43:56.572809Z</creationTime>
        </creationInfo>
      </stationMagnitude>
      <stationMagnitude publicID="Origin#20140217024356.05775.14181#staMag.Mpd#PM.PCVE">
        <magnitude>
          <value>3.897250742</value>
        </magnitude>
        <type>Mpd</type>
        <amplitudeID>20140217.023941.82-AIC-PM.PCVE..HHZ.Mpd</amplitudeID>
        <waveformID networkCode="PM" stationCode="PCVE" channelCode="HHZ"/>
        <creationInfo>
          <agencyID>roa</agencyID>
          <author>scmag@geo1</author>
          <creationTime>2014-02-17T02:43:56.572939Z</creationTime>
        </creationInfo>
      </stationMagnitude>
      <stationMagnitude publicID="Origin#20140217024356.05775.14181#staMag.MLv#PM.PFVI">
        <magnitude>
          <value>3.149978625</value>
        </magnitude>
        <type>MLv</type>
        <amplitudeID>20140217.023930.38-AIC-PM.PFVI..HHZ.MLv</amplitudeID>
        <waveformID networkCode="PM" stationCode="PFVI" channelCode="HHZ"/>
        <creationInfo>
          <agencyID>roa</agencyID>
          <author>scmag@geo1</author>
          <creationTime>2014-02-17T02:43:56.573206Z</creationTime>
        </creationInfo>
      </stationMagnitude>
      <stationMagnitude publicID="Origin#20140217024356.05775.14181#staMag.Mpd#PM.PFVI">
        <magnitude>
          <value>3.579107837</value>
        </magnitude>
        <type>Mpd</type>
        <amplitudeID>20140217.023930.38-AIC-PM.PFVI..HHZ.Mpd</amplitudeID>
        <waveformID networkCode="PM" stationCode="PFVI" channelCode="HHZ"/>
        <creationInfo>
          <agencyID>roa</agencyID>
          <author>scmag@geo1</author>
          <creationTime>2014-02-17T02:43:56.573362Z</creationTime>
        </creationInfo>
      </stationMagnitude>
      <stationMagnitude publicID="Origin#20140217024356.05775.14181#staMag.MLv#PM.PNCL">
        <magnitude>
          <value>3.068173728</value>
        </magnitude>
        <type>MLv</type>
        <amplitudeID>20140217.023942.45-AIC-PM.PNCL..HHZ.MLv</amplitudeID>
        <waveformID networkCode="PM" stationCode="PNCL" channelCode="HHZ"/>
        <creationInfo>
          <agencyID>roa</agencyID>
          <author>scmag@geo1</author>
          <creationTime>2014-02-17T02:43:56.57369Z</creationTime>
        </creationInfo>
      </stationMagnitude>
      <stationMagnitude publicID="Origin#20140217024356.05775.14181#staMag.Mpd#PM.PNCL">
        <magnitude>
          <value>3.81397591</value>
        </magnitude>
        <type>Mpd</type>
        <amplitudeID>20140217.023942.45-AIC-PM.PNCL..HHZ.Mpd</amplitudeID>
        <waveformID networkCode="PM" stationCode="PNCL" channelCode="HHZ"/>
        <creationInfo>
          <agencyID>roa</agencyID>
          <author>scmag@geo1</author>
          <creationTime>2014-02-17T02:43:56.573823Z</creationTime>
        </creationInfo>
      </stationMagnitude>
      <stationMagnitude publicID="Origin#20140217024356.05775.14181#staMag.MLv#PM.PVAQ">
        <magnitude>
          <value>3.5714961</value>
        </magnitude>
        <type>MLv</type>
        <amplitudeID>20140217.023943.11-AIC-PM.PVAQ..HHZ.MLv</amplitudeID>
        <waveformID networkCode="PM" stationCode="PVAQ" channelCode="HHZ"/>
        <creationInfo>
          <agencyID>roa</agencyID>
          <author>scmag@geo1</author>
          <creationTime>2014-02-17T02:43:56.574099Z</creationTime>
        </creationInfo>
      </stationMagnitude>
      <stationMagnitude publicID="Origin#20140217024356.05775.14181#staMag.Mpd#PM.PVAQ">
        <magnitude>
          <value>4.557510086</value>
        </magnitude>
        <type>Mpd</type>
        <amplitudeID>20140217.023943.11-AIC-PM.PVAQ..HHZ.Mpd</amplitudeID>
        <waveformID networkCode="PM" stationCode="PVAQ" channelCode="HHZ"/>
        <creationInfo>
          <agencyID>roa</agencyID>
          <author>scmag@geo1</author>
          <creationTime>2014-02-17T02:43:56.574239Z</creationTime>
        </creationInfo>
      </stationMagnitude>
      <stationMagnitude publicID="Origin#20140217024356.05775.14181#staMag.MLv#WM.EVO">
        <magnitude>
          <value>2.980393722</value>
        </magnitude>
        <type>MLv</type>
        <amplitudeID>20140217.023950.06-AIC-WM.EVO..HHZ.MLv</amplitudeID>
        <waveformID networkCode="WM" stationCode="EVO" channelCode="HHZ"/>
        <creationInfo>
          <agencyID>roa</agencyID>
          <author>scmag@geo1</author>
          <creationTime>2014-02-17T02:43:56.574508Z</creationTime>
        </creationInfo>
      </stationMagnitude>
      <stationMagnitude publicID="Origin#20140217024356.05775.14181#staMag.Mpd#WM.EVO">
        <magnitude>
          <value>3.53482385</value>
        </magnitude>
        <type>Mpd</type>
        <amplitudeID>20140217.023950.06-AIC-WM.EVO..HHZ.Mpd</amplitudeID>
        <waveformID networkCode="WM" stationCode="EVO" channelCode="HHZ"/>
        <creationInfo>
          <agencyID>roa</agencyID>
          <author>scmag@geo1</author>
          <creationTime>2014-02-17T02:43:56.574648Z</creationTime>
        </creationInfo>
      </stationMagnitude>
      <stationMagnitude publicID="Origin#20140217024356.05775.14181#staMag.MLv#WM.IFR">
        <magnitude>
          <value>3.63458705</value>
        </magnitude>
        <type>MLv</type>
        <amplitudeID>20140217.024022.30-AIC-WM.IFR..HHZ.MLv</amplitudeID>
        <waveformID networkCode="WM" stationCode="IFR" channelCode="HHZ"/>
        <creationInfo>
          <agencyID>roa</agencyID>
          <author>scmag@geo1</author>
          <creationTime>2014-02-17T02:43:56.574911Z</creationTime>
        </creationInfo>
      </stationMagnitude>
      <stationMagnitude publicID="Origin#20140217024356.05775.14181#staMag.Mpd#WM.IFR">
        <magnitude>
          <value>3.829351994</value>
        </magnitude>
        <type>Mpd</type>
        <amplitudeID>20140217.024022.30-AIC-WM.IFR..HHZ.Mpd</amplitudeID>
        <waveformID networkCode="WM" stationCode="IFR" channelCode="HHZ"/>
        <creationInfo>
          <agencyID>roa</agencyID>
          <author>scmag@geo1</author>
          <creationTime>2014-02-17T02:43:56.575045Z</creationTime>
        </creationInfo>
      </stationMagnitude>
      <stationMagnitude publicID="Origin#20140217024356.05775.14181#staMag.mb#WM.IFR">
        <magnitude>
          <value>3.06425353</value>
        </magnitude>
        <type>mb</type>
        <amplitudeID>20140217.024022.30-AIC-WM.IFR..HHZ.mb</amplitudeID>
        <waveformID networkCode="WM" stationCode="IFR" channelCode="HHZ"/>
        <creationInfo>
          <agencyID>roa</agencyID>
          <author>scmag@geo1</author>
          <creationTime>2014-02-17T02:43:56.575171Z</creationTime>
        </creationInfo>
      </stationMagnitude>
      <stationMagnitude publicID="Origin#20140217024356.05775.14181#staMag.MLv#WM.UCM">
        <magnitude>
          <value>4.532816111</value>
        </magnitude>
        <type>MLv</type>
        <amplitudeID>20140217.024045.06-AIC-WM.UCM..HHZ.MLv</amplitudeID>
        <waveformID networkCode="WM" stationCode="UCM" channelCode="HHZ"/>
        <creationInfo>
          <agencyID>roa</agencyID>
          <author>scmag@geo1</author>
          <creationTime>2014-02-17T02:43:56.575363Z</creationTime>
        </creationInfo>
      </stationMagnitude>
      <stationMagnitude publicID="Origin#20140217024356.05775.14181#staMag.Mpd#WM.UCM">
        <magnitude>
          <value>4.463565237</value>
        </magnitude>
        <type>Mpd</type>
        <amplitudeID>20140217.024045.06-AIC-WM.UCM..HHZ.Mpd</amplitudeID>
        <waveformID networkCode="WM" stationCode="UCM" channelCode="HHZ"/>
        <creationInfo>
          <agencyID>roa</agencyID>
          <author>scmag@geo1</author>
          <creationTime>2014-02-17T02:43:56.575504Z</creationTime>
        </creationInfo>
      </stationMagnitude>
      <stationMagnitude publicID="Origin#20140217024356.05775.14181#staMag.mb#WM.UCM">
        <magnitude>
          <value>3.713296149</value>
        </magnitude>
        <type>mb</type>
        <amplitudeID>20140217.024045.06-AIC-WM.UCM..HHZ.mb</amplitudeID>
        <waveformID networkCode="WM" stationCode="UCM" channelCode="HHZ"/>
        <creationInfo>
          <agencyID>roa</agencyID>
          <author>scmag@geo1</author>
          <creationTime>2014-02-17T02:43:56.575627Z</creationTime>
        </creationInfo>
      </stationMagnitude>
      <stationMagnitude publicID="Origin#20140217024356.05775.14181#staMag.MLv#PM.PBDV">
        <magnitude>
          <value>3.216618971</value>
        </magnitude>
        <type>MLv</type>
        <amplitudeID>Amplitude#20140217024358.447884.19051</amplitudeID>
        <waveformID networkCode="PM" stationCode="PBDV" channelCode="HHZ"/>
        <creationInfo>
          <agencyID>roa</agencyID>
          <author>scmag@geo1</author>
          <creationTime>2014-02-17T02:43:58.806313Z</creationTime>
        </creationInfo>
      </stationMagnitude>
      <magnitude publicID="Origin#20140217024356.05775.14181#netMag.MLv">
        <magnitude>
          <value>3.475256126</value>
          <uncertainty>0.276967004</uncertainty>
        </magnitude>
        <type>MLv</type>
        <methodID>trimmed mean(25)</methodID>
        <stationCount>13</stationCount>
        <creationInfo>
          <agencyID>roa</agencyID>
          <author>scmag@geo1</author>
          <creationTime>2014-02-17T02:43:56.575667Z</creationTime>
        </creationInfo>
        <stationMagnitudeContribution>
          <stationMagnitudeID>Origin#20140217024356.05775.14181#staMag.MLv#ES.EADA</stationMagnitudeID>
          <weight>0.125</weight>
        </stationMagnitudeContribution>
        <stationMagnitudeContribution>
          <stationMagnitudeID>Origin#20140217024356.05775.14181#staMag.MLv#ES.EBAD</stationMagnitudeID>
          <weight>1</weight>
        </stationMagnitudeContribution>
        <stationMagnitudeContribution>
          <stationMagnitudeID>Origin#20140217024356.05775.14181#staMag.MLv#ES.ECAB</stationMagnitudeID>
          <weight>1</weight>
        </stationMagnitudeContribution>
        <stationMagnitudeContribution>
          <stationMagnitudeID>Origin#20140217024356.05775.14181#staMag.MLv#ES.ECEU</stationMagnitudeID>
          <weight>1</weight>
        </stationMagnitudeContribution>
        <stationMagnitudeContribution>
          <stationMagnitudeID>Origin#20140217024356.05775.14181#staMag.MLv#ES.EGRO</stationMagnitudeID>
          <weight>1</weight>
        </stationMagnitudeContribution>
        <stationMagnitudeContribution>
          <stationMagnitudeID>Origin#20140217024356.05775.14181#staMag.MLv#ES.EMIJ</stationMagnitudeID>
          <weight>1</weight>
        </stationMagnitudeContribution>
        <stationMagnitudeContribution>
          <stationMagnitudeID>Origin#20140217024356.05775.14181#staMag.MLv#ES.EMIN</stationMagnitudeID>
          <weight>1</weight>
        </stationMagnitudeContribution>
        <stationMagnitudeContribution>
          <stationMagnitudeID>Origin#20140217024356.05775.14181#staMag.MLv#PM.PCVE</stationMagnitudeID>
          <weight>1</weight>
        </stationMagnitudeContribution>
        <stationMagnitudeContribution>
          <stationMagnitudeID>Origin#20140217024356.05775.14181#staMag.MLv#PM.PFVI</stationMagnitudeID>
          <weight>1</weight>
        </stationMagnitudeContribution>
        <stationMagnitudeContribution>
          <stationMagnitudeID>Origin#20140217024356.05775.14181#staMag.MLv#PM.PNCL</stationMagnitudeID>
          <weight>0.125</weight>
        </stationMagnitudeContribution>
        <stationMagnitudeContribution>
          <stationMagnitudeID>Origin#20140217024356.05775.14181#staMag.MLv#PM.PVAQ</stationMagnitudeID>
          <weight>1</weight>
        </stationMagnitudeContribution>
        <stationMagnitudeContribution>
          <stationMagnitudeID>Origin#20140217024356.05775.14181#staMag.MLv#WM.EVO</stationMagnitudeID>
          <weight>0</weight>
        </stationMagnitudeContribution>
        <stationMagnitudeContribution>
          <stationMagnitudeID>Origin#20140217024356.05775.14181#staMag.MLv#WM.IFR</stationMagnitudeID>
          <weight>1</weight>
        </stationMagnitudeContribution>
        <stationMagnitudeContribution>
          <stationMagnitudeID>Origin#20140217024356.05775.14181#staMag.MLv#WM.UCM</stationMagnitudeID>
          <weight>0</weight>
        </stationMagnitudeContribution>
        <stationMagnitudeContribution>
          <stationMagnitudeID>Origin#20140217024356.05775.14181#staMag.MLv#PM.PBDV</stationMagnitudeID>
          <weight>1</weight>
        </stationMagnitudeContribution>
      </magnitude>
      <magnitude publicID="Origin#20140217024356.05775.14181#netMag.Mpd">
        <magnitude>
          <value>4.03727778</value>
          <uncertainty>0.275651124</uncertainty>
        </magnitude>
        <type>Mpd</type>
        <methodID>trimmed mean(25)</methodID>
        <stationCount>13</stationCount>
        <creationInfo>
          <agencyID>roa</agencyID>
          <author>scmag@geo1</author>
          <creationTime>2014-02-17T02:43:56.575985Z</creationTime>
        </creationInfo>
        <stationMagnitudeContribution>
          <stationMagnitudeID>Origin#20140217024356.05775.14181#staMag.Mpd#ES.EADA</stationMagnitudeID>
          <weight>0.125</weight>
        </stationMagnitudeContribution>
        <stationMagnitudeContribution>
          <stationMagnitudeID>Origin#20140217024356.05775.14181#staMag.Mpd#ES.EBAD</stationMagnitudeID>
          <weight>1</weight>
        </stationMagnitudeContribution>
        <stationMagnitudeContribution>
          <stationMagnitudeID>Origin#20140217024356.05775.14181#staMag.Mpd#ES.ECAB</stationMagnitudeID>
          <weight>1</weight>
        </stationMagnitudeContribution>
        <stationMagnitudeContribution>
          <stationMagnitudeID>Origin#20140217024356.05775.14181#staMag.Mpd#ES.ECEU</stationMagnitudeID>
          <weight>1</weight>
        </stationMagnitudeContribution>
        <stationMagnitudeContribution>
          <stationMagnitudeID>Origin#20140217024356.05775.14181#staMag.Mpd#ES.EGRO</stationMagnitudeID>
          <weight>1</weight>
        </stationMagnitudeContribution>
        <stationMagnitudeContribution>
          <stationMagnitudeID>Origin#20140217024356.05775.14181#staMag.Mpd#ES.EMIJ</stationMagnitudeID>
          <weight>1</weight>
        </stationMagnitudeContribution>
        <stationMagnitudeContribution>
          <stationMagnitudeID>Origin#20140217024356.05775.14181#staMag.Mpd#ES.EMIN</stationMagnitudeID>
          <weight>1</weight>
        </stationMagnitudeContribution>
        <stationMagnitudeContribution>
          <stationMagnitudeID>Origin#20140217024356.05775.14181#staMag.Mpd#PM.PBDV</stationMagnitudeID>
          <weight>0</weight>
        </stationMagnitudeContribution>
        <stationMagnitudeContribution>
          <stationMagnitudeID>Origin#20140217024356.05775.14181#staMag.Mpd#PM.PCVE</stationMagnitudeID>
          <weight>1</weight>
        </stationMagnitudeContribution>
        <stationMagnitudeContribution>
          <stationMagnitudeID>Origin#20140217024356.05775.14181#staMag.Mpd#PM.PFVI</stationMagnitudeID>
          <weight>1</weight>
        </stationMagnitudeContribution>
        <stationMagnitudeContribution>
          <stationMagnitudeID>Origin#20140217024356.05775.14181#staMag.Mpd#PM.PNCL</stationMagnitudeID>
          <weight>1</weight>
        </stationMagnitudeContribution>
        <stationMagnitudeContribution>
          <stationMagnitudeID>Origin#20140217024356.05775.14181#staMag.Mpd#PM.PVAQ</stationMagnitudeID>
          <weight>0.125</weight>
        </stationMagnitudeContribution>
        <stationMagnitudeContribution>
          <stationMagnitudeID>Origin#20140217024356.05775.14181#staMag.Mpd#WM.EVO</stationMagnitudeID>
          <weight>0</weight>
        </stationMagnitudeContribution>
        <stationMagnitudeContribution>
          <stationMagnitudeID>Origin#20140217024356.05775.14181#staMag.Mpd#WM.IFR</stationMagnitudeID>
          <weight>1</weight>
        </stationMagnitudeContribution>
        <stationMagnitudeContribution>
          <stationMagnitudeID>Origin#20140217024356.05775.14181#staMag.Mpd#WM.UCM</stationMagnitudeID>
          <weight>1</weight>
        </stationMagnitudeContribution>
      </magnitude>
      <magnitude publicID="Origin#20140217024356.05775.14181#netMag.mb">
        <magnitude>
          <value>3.38877484</value>
          <uncertainty>0.4589424368</uncertainty>
        </magnitude>
        <type>mb</type>
        <methodID>mean</methodID>
        <stationCount>2</stationCount>
        <creationInfo>
          <agencyID>roa</agencyID>
          <author>scmag@geo1</author>
          <creationTime>2014-02-17T02:43:56.576308Z</creationTime>
        </creationInfo>
        <stationMagnitudeContribution>
          <stationMagnitudeID>Origin#20140217024356.05775.14181#staMag.mb#WM.IFR</stationMagnitudeID>
          <weight>1</weight>
        </stationMagnitudeContribution>
        <stationMagnitudeContribution>
          <stationMagnitudeID>Origin#20140217024356.05775.14181#staMag.mb#WM.UCM</stationMagnitudeID>
          <weight>1</weight>
        </stationMagnitudeContribution>
      </magnitude>
      <magnitude publicID="Origin#20140217024356.05775.14181#netMag.M">
        <magnitude>
          <value>3.702835092</value>
        </magnitude>
        <type>M</type>
        <methodID>weighted average</methodID>
        <stationCount>13</stationCount>
        <creationInfo>
          <agencyID>roa</agencyID>
          <author>scmag@geo1</author>
          <creationTime>2015-01-22T21:30:00.000000Z</creationTime>
          <modificationTime>2015-01-22T21:30:00.000000Z</modificationTime>
        </creationInfo>
      </magnitude>
    </origin>
    <event publicID="testevent1">
      <preferredOriginID>Origin#20140217024356.05775.14181</preferredOriginID>
      <preferredMagnitudeID>Origin#20140217024356.05775.14181#netMag.M</preferredMagnitudeID>
      <creationInfo>
        <agencyID>roa</agencyID>
        <author>scevent@geo1</author>
        <creationTime>2015-01-22T21:30:00.000000Z</creationTime>
        <modificationTime>2015-01-22T21:30:00.000000Z</modificationTime>
      </creationInfo>
      <description>
        <text>Azores Cape St. Vincent Ridge</text>
        <type>region name</type>
      </description>
      <originReference>Origin#20140217024356.05775.14181</originReference>
    </event>
  </EventParameters>
</seiscomp>


